dataset	window	n_input	input_min_bp	input_max_bp	supported_windows	empty_rows	median_count	singleton_percent	peak_direction	extreme_mean	tied_windows	peak_start_bp	peak_center_bp	peak_snp_count	gene_start_bp	gene_end_bp	start_to_gene_mb	center_to_gene_mb
OsABCI8	2Mb_100Kb	24443	3914986	24831052	229	0	1516.0	2.6200873362445414	min	-0.9286	5	2000000	3000000	1	17329608	17332992	15.329608	14.329608
OsABCI8	1Mb_50Kb	24443	3914986	24831052	438	0	724.0	3.4246575342465753	min	-0.9286	10	2950000	3450000	1	17329608	17332992	14.379608	13.879608
OsABCI8	0.5Mb_10Kb	24443	3914986	24831052	2118	0	355.5	5.004721435316336	min	-0.9286	49	3420000	3670000	1	17329608	17332992	13.909608	13.659608
OsABCI8	0.1Mb_5Kb	24443	3914986	24831052	3759	0	81.0	6.1984570364458635	min	-0.9286	20	3815000	3865000	1	17329608	17332992	13.514608	13.464608
OsABCI8	0.01Mb_5Kb	24443	3914986	24831052	2586	0	14.0	12.451662799690641	min	-0.9286	2	3905000	3910000	1	17329608	17332992	13.424608	13.419608
qHT1	2Mb_100Kb	12068	1151	5999008	60	0	3909.5	0.0	min	-0.8693405630451891	1	3100000	4100000	5044	4665786	4667096	1.565786	0.565786
qHT1	1Mb_50Kb	12068	1151	5999008	120	0	2022.0	0.0	min	-0.8977236111110982	1	4050000	4550000	2736	4665786	4667096	0.615786	0.115786
qHT1	0.5Mb_10Kb	12068	1151	5999008	600	0	1029.5	0.0	min	-0.9447054234769616	1	4540000	4790000	1346	4665786	4667096	0.125786	0.122904
qHT1	0.1Mb_5Kb	12068	1151	5999008	1200	0	221.0	0.0	min	-0.9780983606557412	1	4570000	4620000	244	4665786	4667096	0.095786	0.045786
qHT1	0.01Mb_5Kb	12068	1151	5999008	1096	104	24.0	4.835766423357665	min	-0.9936642857143008	1	4580000	4585000	28	4665786	4667096	0.085786	0.080786
OsLESV	2Mb_100Kb	103	1965469	29002706	291	0	5.0	5.498281786941581	max	0.9231	1	0	1000000	1	22175496	22178936	22.175496	21.175496
OsLESV	1Mb_50Kb	103	1965469	29002706	537	44	3.0	23.277467411545626	max	0.9831	7	27650000	28150000	1	22175496	22178936	5.471064	5.971064
OsLESV	0.5Mb_10Kb	103	1965469	29002706	2081	820	2.0	40.94185487746276	max	0.9831	40	27610000	27860000	1	22175496	22178936	5.431064	5.681064
OsLESV	0.1Mb_5Kb	103	1965469	29002706	1560	4241	1.0	77.62820512820512	max	0.9831	20	27905000	27955000	1	22175496	22178936	5.726064	5.776064
OsLESV	0.01Mb_5Kb	103	1965469	29002706	200	5601	1.0	97.5	max	0.9831	2	27995000	28000000	1	22175496	22178936	5.816064	5.821064
