scenario	method	n	false_positive_rate	fpr_lower	fpr_upper	detection_rate	coverage	coverage_lower	coverage_upper	coverage_given_detection	median_peak_error_mb	median_called_width_mb	median_total_width_all_mb	mean_total_width_all_mb	median_peak_n	no_finite_peak_rate
baseline	ALL_100kb	1000	0.049	0.037261034647360886	0.06419070150660965	1.0	1.0	0.9961732415144451	1.0	1.0	0.295	16.08	16.08	16.39376	10.0	0.0
baseline	ALL_2000kb	1000	0.052	0.039873036283777696	0.0675557393192795	1.0	1.0	0.9961732415144451	1.0	1.0	0.375	21.2	21.2	21.228399999999997	200.0	0.0
baseline	ALL_500kb	1000	0.053	0.040746505248594814	0.06867461683749128	1.0	1.0	0.9961732415144451	1.0	1.0	0.235	18.9	18.9	19.0371	50.0	0.0
baseline	G_tricube_h1Mb	1000	0.049	0.037261034647360886	0.06419070150660965	1.0	1.0	0.9961732415144451	1.0	1.0	0.275	21.0	21.0	20.936799999999998	200.0	0.0
baseline	p95_100kb	1000	0.022	0.014572707764791224	0.03308567334739927	1.0	0.999	0.9943574414020424	0.999823453629374	0.999	0.295	13.045	13.045	13.41444	10.0	0.0
baseline	p95_2000kb	1000	0.061	0.047779775126034034	0.07758011882428319	1.0	1.0	0.9961732415144451	1.0	1.0	0.38	20.4	20.4	20.377599999999997	200.0	0.0
baseline	p95_500kb	1000	0.059	0.04601429821280078	0.07536090277145865	1.0	1.0	0.9961732415144451	1.0	1.0	0.235	17.025	17.025	17.376549999999998	50.0	0.0
baseline	p99_100kb	1000	0.001	0.0001765463706260846	0.005642558597957719	0.999	0.984	0.9741679397882604	0.9901277579977225	0.984984984984985	0.295	8.73	8.725000000000001	8.83666	10.0	0.001
baseline	p99_2000kb	1000	0.047	0.035527105106384765	0.06193993808152798	1.0	1.0	0.9961732415144451	1.0	1.0	0.385	18.7	18.7	18.8758	200.0	0.0
baseline	p99_500kb	1000	0.053	0.040746505248594814	0.06867461683749128	1.0	1.0	0.9961732415144451	1.0	1.0	0.235	17.975	17.975	18.151400000000002	50.0	0.0
baseline	p99_fraction_2000kb	1000	0.057	0.04425344035871624	0.07313706765948541	1.0	1.0	0.9961732415144451	1.0	1.0	1.075	21.2	21.2	21.2675	200.0	0.0
baseline	p99_n1_100kb	1000	0.037	0.02696118087555497	0.05058239748206888	1.0	0.965	0.9517133776255471	0.9747277369828868	0.965	0.315	6.625	6.625	6.76589	10.0	0.0
baseline	p99_n1_2000kb	1000	0.045	0.03379951228563198	0.05968283793622299	0.99	0.989	0.980410604299214	0.9938468259019133	0.998989898989899	0.385	10.2	10.1	10.3015	200.0	0.0
baseline	p99_n1_500kb	1000	0.04	0.02951097368545301	0.05400964412125751	0.985	0.975	0.9633547107321571	0.9830098687065657	0.9898477157360406	0.235	7.45	7.4	7.562399999999999	50.0	0.0
dense_markers	ALL_100kb	1000	0.049	0.037261034647360886	0.06419070150660965	1.0	1.0	0.9961732415144451	1.0	1.0	0.23625	16.925	16.925	17.387330000000002	40.0	0.0
dense_markers	ALL_2000kb	1000	0.056	0.0433748133854423	0.07202334814973047	1.0	1.0	0.9961732415144451	1.0	1.0	0.35250000000000004	20.6	20.6	20.885	800.0	0.0
dense_markers	ALL_500kb	1000	0.05	0.038130262392749095	0.06531382024425034	1.0	1.0	0.9961732415144451	1.0	1.0	0.19875	18.55	18.55	18.800050000000002	200.0	0.0
dense_markers	G_tricube_h1Mb	1000	0.05	0.038130262392749095	0.06531382024425034	1.0	1.0	0.9961732415144451	1.0	1.0	0.25375	20.3	20.3	20.539	800.0	0.0
dense_markers	p95_100kb	1000	0.058	0.045133278234998554	0.074249576266232	1.0	1.0	0.9961732415144451	1.0	1.0	0.23625	14.83	14.83	15.196119999999999	40.0	0.0
dense_markers	p95_2000kb	1000	0.05	0.038130262392749095	0.06531382024425034	1.0	1.0	0.9961732415144451	1.0	1.0	0.35375	20.7	20.7	20.8334	800.0	0.0
dense_markers	p95_500kb	1000	0.052	0.039873036283777696	0.0675557393192795	1.0	1.0	0.9961732415144451	1.0	1.0	0.19875	17.625	17.625	17.93665	200.0	0.0
dense_markers	p99_100kb	1000	0.048	0.03639330102080819	0.06306608865013345	1.0	1.0	0.9961732415144451	1.0	1.0	0.2275	15.42	15.42	15.821579999999999	40.0	0.0
dense_markers	p99_2000kb	1000	0.048	0.03639330102080819	0.06306608865013345	1.0	1.0	0.9961732415144451	1.0	1.0	0.35375	18.2	18.2	18.5569	800.0	0.0
dense_markers	p99_500kb	1000	0.053	0.040746505248594814	0.06867461683749128	1.0	1.0	0.9961732415144451	1.0	1.0	0.19875	15.55	15.55	15.870049999999999	200.0	0.0
dense_markers	p99_fraction_2000kb	1000	0.049	0.037261034647360886	0.06419070150660965	1.0	1.0	0.9961732415144451	1.0	1.0	0.64	20.6	20.6	20.8459	800.0	0.0
dense_markers	p99_n1_100kb	1000	0.061	0.047779775126034034	0.07758011882428319	0.979	0.959	0.9448520067923591	0.9696350289179014	0.9795709908069459	0.23625	5.88	5.81	5.90679	40.0	0.0
dense_markers	p99_n1_2000kb	1000	0.051	0.039000942775267125	0.06643548634476118	0.984	0.984	0.9741679397882604	0.9901277579977225	1.0	0.35375	10.1	10.0	10.1005	800.0	0.0
dense_markers	p99_n1_500kb	1000	0.048	0.03639330102080819	0.06306608865013345	0.981	0.979	0.9681097049387629	0.9862242604320756	0.9979612640163099	0.19875	7.2	7.15	7.2008	200.0	0.0
differential_error	ALL_100kb	1000	0.04	0.02951097368545301	0.05400964412125751	1.0	1.0	0.9961732415144451	1.0	1.0	0.315	15.5	15.5	15.946779999999999	10.0	0.0
differential_error	ALL_2000kb	1000	0.039	0.028658960904180717	0.05286931041950091	1.0	1.0	0.9961732415144451	1.0	1.0	0.395	20.7	20.7	20.864	200.0	0.0
differential_error	ALL_500kb	1000	0.042	0.0312208855461657	0.05628442522660261	1.0	1.0	0.9961732415144451	1.0	1.0	0.275	18.15	18.15	18.46515	50.0	0.0
differential_error	G_tricube_h1Mb	1000	0.04	0.02951097368545301	0.05400964412125751	1.0	1.0	0.9961732415144451	1.0	1.0	0.295	20.4	20.4	20.541	200.0	0.0
differential_error	p95_100kb	1000	0.021	0.013775739567924447	0.03189029506123717	1.0	1.0	0.9961732415144451	1.0	1.0	0.315	12.98	12.98	13.40481	10.0	0.0
differential_error	p95_2000kb	1000	0.054	0.04162131372306302	0.06979215484605196	1.0	1.0	0.9961732415144451	1.0	1.0	0.395	19.95	19.95	20.1913	200.0	0.0
differential_error	p95_500kb	1000	0.043	0.03207865341171362	0.05741900384408356	1.0	1.0	0.9961732415144451	1.0	1.0	0.275	16.575000000000003	16.575000000000003	16.949450000000002	50.0	0.0
differential_error	p99_100kb	1000	0.002	0.0005486435881207445	0.00726280786349195	1.0	0.987	0.9778855576244206	0.9923871796106488	0.987	0.315	8.65	8.65	8.91507	10.0	0.0
differential_error	p99_2000kb	1000	0.044	0.03293821458841875	0.05855178915040732	1.0	1.0	0.9961732415144451	1.0	1.0	0.395	18.2	18.2	18.4889	200.0	0.0
differential_error	p99_500kb	1000	0.031	0.021924003447158773	0.04366549601229173	1.0	1.0	0.9961732415144451	1.0	1.0	0.275	17.15	17.15	17.50355	50.0	0.0
differential_error	p99_fraction_2000kb	1000	0.041	0.030364971082098555	0.055147993207640855	1.0	1.0	0.9961732415144451	1.0	1.0	1.115	20.8	20.8	20.813299999999998	200.0	0.0
differential_error	p99_n1_100kb	1000	0.019	0.012196885750791052	0.029484455912312774	0.993	0.941	0.9246390972285413	0.9539857017871992	0.9476334340382678	0.335	5.31	5.295	5.487700000000001	10.0	0.0
differential_error	p99_n1_2000kb	1000	0.041	0.030364971082098555	0.055147993207640855	0.991	0.99	0.9816905311296855	0.9945592455544707	0.9989909182643795	0.395	10.2	10.2	10.4225	200.0	0.0
differential_error	p99_n1_500kb	1000	0.039	0.028658960904180717	0.05286931041950091	0.99	0.983	0.9729440411597704	0.9893593101431836	0.9929292929292929	0.275	7.55	7.5	7.66775	50.0	0.0
heterogeneous_map	ALL_100kb	1000	0.06	0.04689647267593227	0.07647107479135604	1.0	1.0	0.9961732415144451	1.0	1.0	0.745	23.02	23.02	21.053949999999997	10.0	0.0
heterogeneous_map	ALL_2000kb	1000	0.06	0.04689647267593227	0.07647107479135604	1.0	1.0	0.9961732415144451	1.0	1.0	0.645	25.2	25.2	24.551	200.0	0.0
heterogeneous_map	ALL_500kb	1000	0.062	0.04866418011998097	0.07868806031336514	1.0	1.0	0.9961732415144451	1.0	1.0	0.595	24.0	24.0	22.7941	50.0	0.0
heterogeneous_map	G_tricube_h1Mb	1000	0.062	0.04866418011998097	0.07868806031336514	1.0	1.0	0.9961732415144451	1.0	1.0	0.56	25.2	25.2	24.3992	200.0	0.0
heterogeneous_map	p95_100kb	1000	0.022	0.014572707764791224	0.03308567334739927	1.0	1.0	0.9961732415144451	1.0	1.0	0.745	20.53	20.53	18.55643	10.0	0.0
heterogeneous_map	p95_2000kb	1000	0.05	0.038130262392749095	0.06531382024425034	1.0	1.0	0.9961732415144451	1.0	1.0	0.645	25.3	25.3	23.9393	200.0	0.0
heterogeneous_map	p95_500kb	1000	0.045	0.03379951228563198	0.05968283793622299	1.0	1.0	0.9961732415144451	1.0	1.0	0.605	23.35	23.35	21.4056	50.0	0.0
heterogeneous_map	p99_100kb	1000	0.002	0.0005486435881207445	0.00726280786349195	1.0	0.99	0.9816905311296855	0.9945592455544707	0.99	0.745	16.415	16.415	14.59682	10.0	0.0
heterogeneous_map	p99_2000kb	1000	0.046	0.03466249276326525	0.060812203941618605	1.0	1.0	0.9961732415144451	1.0	1.0	0.655	24.9	24.9	23.0431	200.0	0.0
heterogeneous_map	p99_500kb	1000	0.055	0.04249742737476874	0.07090838767737513	1.0	1.0	0.9961732415144451	1.0	1.0	0.605	23.85	23.85	22.425	50.0	0.0
heterogeneous_map	p99_fraction_2000kb	1000	0.058	0.045133278234998554	0.074249576266232	1.0	1.0	0.9961732415144451	1.0	1.0	2.355	25.4	25.4	24.6217	200.0	0.0
heterogeneous_map	p99_n1_100kb	1000	0.047	0.035527105106384765	0.06193993808152798	0.998	0.966	0.9528648097546893	0.9755686513367735	0.9679358717434869	0.77	14.18	14.16	12.27943	10.0	0.0
heterogeneous_map	p99_n1_2000kb	1000	0.04	0.02951097368545301	0.05400964412125751	0.99	0.988	0.979142731524502	0.9931223521935963	0.997979797979798	0.655	18.7	18.7	16.4257	200.0	0.0
heterogeneous_map	p99_n1_500kb	1000	0.051	0.039000942775267125	0.06643548634476118	0.989	0.983	0.9729440411597704	0.9893593101431836	0.993933265925177	0.61	15.65	15.6	13.3788	50.0	0.0
high_depth	ALL_100kb	1000	0.064	0.050436200898229866	0.08090073250117402	1.0	1.0	0.9961732415144451	1.0	1.0	0.275	16.695	16.695	17.253880000000002	10.0	0.0
high_depth	ALL_2000kb	1000	0.069	0.054883945585911614	0.08641472022863675	1.0	1.0	0.9961732415144451	1.0	1.0	0.375	21.5	21.5	21.442400000000003	200.0	0.0
high_depth	ALL_500kb	1000	0.069	0.054883945585911614	0.08641472022863675	1.0	1.0	0.9961732415144451	1.0	1.0	0.225	19.0	19.0	19.299550000000004	50.0	0.0
high_depth	G_tricube_h1Mb	1000	0.069	0.054883945585911614	0.08641472022863675	1.0	1.0	0.9961732415144451	1.0	1.0	0.275	21.1	21.1	21.1767	200.0	0.0
high_depth	p95_100kb	1000	0.07	0.055776364146294416	0.08751464815128285	1.0	1.0	0.9961732415144451	1.0	1.0	0.275	16.24	16.24	16.749989999999997	10.0	0.0
high_depth	p95_2000kb	1000	0.065	0.051323770569062385	0.0820055093133704	1.0	1.0	0.9961732415144451	1.0	1.0	0.375	21.3	21.3	21.3315	200.0	0.0
high_depth	p95_500kb	1000	0.062	0.04866418011998097	0.07868806031336514	1.0	1.0	0.9961732415144451	1.0	1.0	0.225	18.174999999999997	18.174999999999997	18.6006	50.0	0.0
high_depth	p99_100kb	1000	0.01	0.005440754445529338	0.01830946887031448	1.0	1.0	0.9961732415144451	1.0	1.0	0.275	12.36	12.36	12.68725	10.0	0.0
high_depth	p99_2000kb	1000	0.05	0.038130262392749095	0.06531382024425034	1.0	1.0	0.9961732415144451	1.0	1.0	0.375	19.9	19.9	20.123	200.0	0.0
high_depth	p99_500kb	1000	0.06	0.04689647267593227	0.07647107479135604	1.0	1.0	0.9961732415144451	1.0	1.0	0.225	17.75	17.75	18.13595	50.0	0.0
high_depth	p99_fraction_2000kb	1000	0.068	0.0539924578085305	0.08531386152298896	1.0	1.0	0.9961732415144451	1.0	1.0	3.065	21.5	21.5	21.503400000000003	200.0	0.0
high_depth	p99_n1_100kb	1000	0.042	0.0312208855461657	0.05628442522660261	1.0	1.0	0.9961732415144451	1.0	1.0	0.275	10.605	10.605	10.799740000000002	10.0	0.0
high_depth	p99_n1_2000kb	1000	0.035	0.025272263017113168	0.04828662237445291	1.0	1.0	0.9961732415144451	1.0	1.0	0.375	14.7	14.7	15.0763	200.0	0.0
high_depth	p99_n1_500kb	1000	0.041	0.030364971082098555	0.055147993207640855	1.0	1.0	0.9961732415144451	1.0	1.0	0.225	12.1	12.1	12.41555	50.0	0.0
high_recombination	ALL_100kb	1000	0.05	0.038130262392749095	0.06531382024425034	1.0	1.0	0.9961732415144451	1.0	1.0	0.165	8.445	8.445	8.60411	10.0	0.0
high_recombination	ALL_2000kb	1000	0.065	0.051323770569062385	0.0820055093133704	1.0	1.0	0.9961732415144451	1.0	1.0	0.265	12.8	12.8	13.1667	200.0	0.0
high_recombination	ALL_500kb	1000	0.068	0.0539924578085305	0.08531386152298896	1.0	1.0	0.9961732415144451	1.0	1.0	0.155	10.4	10.4	10.6492	50.0	0.0
high_recombination	G_tricube_h1Mb	1000	0.065	0.051323770569062385	0.0820055093133704	1.0	1.0	0.9961732415144451	1.0	1.0	0.185	12.5	12.5	12.856399999999999	200.0	0.0
high_recombination	p95_100kb	1000	0.034	0.024431348663226528	0.04713519024531065	1.0	0.998	0.9927371921365081	0.9994513564118793	0.998	0.165	7.075	7.075	7.24394	10.0	0.0
high_recombination	p95_2000kb	1000	0.053	0.040746505248594814	0.06867461683749128	1.0	1.0	0.9961732415144451	1.0	1.0	0.265	12.4	12.4	12.7219	200.0	0.0
high_recombination	p95_500kb	1000	0.06	0.04689647267593227	0.07647107479135604	1.0	1.0	0.9961732415144451	1.0	1.0	0.155	9.35	9.35	9.55065	50.0	0.0
high_recombination	p99_100kb	1000	0.001	0.0001765463706260846	0.005642558597957719	0.999	0.987	0.9778855576244206	0.9923871796106488	0.987987987987988	0.165	4.56	4.555	4.6682	10.0	0.001
high_recombination	p99_2000kb	1000	0.049	0.037261034647360886	0.06419070150660965	1.0	1.0	0.9961732415144451	1.0	1.0	0.275	11.4	11.4	11.675900000000002	200.0	0.0
high_recombination	p99_500kb	1000	0.052	0.039873036283777696	0.0675557393192795	1.0	1.0	0.9961732415144451	1.0	1.0	0.155	9.45	9.45	9.592	50.0	0.0
high_recombination	p99_fraction_2000kb	1000	0.061	0.047779775126034034	0.07758011882428319	1.0	1.0	0.9961732415144451	1.0	1.0	0.435	13.0	13.0	13.281799999999999	200.0	0.0
high_recombination	p99_n1_100kb	1000	0.059	0.04601429821280078	0.07536090277145865	0.984	0.942	0.925750423733768	0.9548667217650014	0.9573170731707317	0.165	2.86	2.835	2.88593	10.0	0.0
high_recombination	p99_n1_2000kb	1000	0.06	0.04689647267593227	0.07647107479135604	0.98	0.978	0.9669143266526008	0.9854272922352088	0.9979591836734694	0.275	6.7	6.7	6.687	200.0	0.0
high_recombination	p99_n1_500kb	1000	0.041	0.030364971082098555	0.055147993207640855	0.982	0.976	0.9645370943883889	0.9838198315333628	0.9938900203665988	0.155	4.1	4.05	4.14775	50.0	0.0
large_bulk	ALL_100kb	1000	0.028	0.019442276812771123	0.04017018319759272	1.0	1.0	0.9961732415144451	1.0	1.0	0.285	18.66	18.66	18.72783	10.0	0.0
large_bulk	ALL_2000kb	1000	0.044	0.03293821458841875	0.05855178915040732	1.0	1.0	0.9961732415144451	1.0	1.0	0.305	24.9	24.9	24.5914	200.0	0.0
large_bulk	ALL_500kb	1000	0.046	0.03466249276326525	0.060812203941618605	1.0	1.0	0.9961732415144451	1.0	1.0	0.225	22.7	22.7	22.6068	50.0	0.0
large_bulk	G_tricube_h1Mb	1000	0.038	0.027809004509302862	0.051726920331349874	1.0	1.0	0.9961732415144451	1.0	1.0	0.225	24.7	24.7	24.3583	200.0	0.0
large_bulk	p95_100kb	1000	0.0	-2.168404344971009e-19	0.0038267584855549135	1.0	0.999	0.9943574414020424	0.999823453629374	0.999	0.285	12.085	12.085	12.135909999999999	10.0	0.0
large_bulk	p95_2000kb	1000	0.036	0.026115571407387544	0.049435660467207404	1.0	1.0	0.9961732415144451	1.0	1.0	0.305	21.05	21.05	21.0701	200.0	0.0
large_bulk	p95_500kb	1000	0.047	0.035527105106384765	0.06193993808152798	1.0	1.0	0.9961732415144451	1.0	1.0	0.225	18.75	18.75	18.9205	50.0	0.0
large_bulk	p99_100kb	1000	0.0	-2.168404344971009e-19	0.0038267584855549135	1.0	0.989	0.980410604299214	0.9938468259019133	0.989	0.285	8.28	8.28	8.26772	10.0	0.0
large_bulk	p99_2000kb	1000	0.047	0.035527105106384765	0.06193993808152798	1.0	1.0	0.9961732415144451	1.0	1.0	0.305	20.9	20.9	20.9861	199.0	0.0
large_bulk	p99_500kb	1000	0.029	0.020266448156698952	0.04133835833669378	1.0	1.0	0.9961732415144451	1.0	1.0	0.225	21.674999999999997	21.674999999999997	21.50585	50.0	0.0
large_bulk	p99_fraction_2000kb	1000	0.035	0.025272263017113168	0.04828662237445291	1.0	1.0	0.9961732415144451	1.0	1.0	0.685	24.6	24.6	24.284699999999997	200.0	0.0
large_bulk	p99_n1_100kb	1000	0.036	0.026115571407387544	0.049435660467207404	0.996	0.945	0.9290916123226248	0.9575025726252312	0.9487951807228916	0.305	4.835	4.825	4.83948	10.0	0.0
large_bulk	p99_n1_2000kb	1000	0.022	0.014572707764791224	0.03308567334739927	0.982	0.981	0.9705155440876871	0.987803114249209	0.9989816700610998	0.305	8.3	8.2	8.1576	199.0	0.0
large_bulk	p99_n1_500kb	1000	0.032	0.022757107858711167	0.04482473808376823	0.971	0.966	0.9528648097546893	0.9755686513367735	0.9948506694129763	0.225	5.6	5.5	5.4777	50.0	0.0
low_depth	ALL_100kb	1000	0.077	0.06204790706060627	0.09518953061817319	1.0	1.0	0.9961732415144451	1.0	1.0	0.375	14.45	14.45	14.78942	10.0	0.0
low_depth	ALL_2000kb	1000	0.079	0.06384721576082956	0.0973749148840077	1.0	1.0	0.9961732415144451	1.0	1.0	0.385	21.3	21.3	21.257900000000003	200.0	0.0
low_depth	ALL_500kb	1000	0.083	0.06745502144289969	0.10173649513405314	1.0	1.0	0.9961732415144451	1.0	1.0	0.315	18.375	18.375	18.643800000000002	50.0	0.0
low_depth	G_tricube_h1Mb	1000	0.083	0.06745502144289969	0.10173649513405314	1.0	1.0	0.9961732415144451	1.0	1.0	0.305	21.0	21.0	21.0199	200.0	0.0
low_depth	p95_100kb	1000	0.002	0.0005486435881207445	0.00726280786349195	0.999	0.905	0.8852455602057484	0.9216547654209523	0.9059059059059059	0.375	5.63	5.625	5.77161	10.0	0.001
low_depth	p95_2000kb	1000	0.058	0.045133278234998554	0.074249576266232	1.0	1.0	0.9961732415144451	1.0	1.0	0.395	15.4	15.4	15.850100000000001	195.0	0.0
low_depth	p95_500kb	1000	0.075	0.06025180497346773	0.09300093973925395	1.0	1.0	0.9961732415144451	1.0	1.0	0.325	14.15	14.15	14.4775	49.0	0.0
low_depth	p99_100kb	1000	0.0	-2.168404344971009e-19	0.0038267584855549135	0.919	0.566	0.5350866438157517	0.596408224064155	0.6158868335146899	0.385	1.86	1.6749999999999998	2.01476	10.0	0.081
low_depth	p99_2000kb	1000	0.081	0.06564962154120069	0.09955720206969434	1.0	1.0	0.9961732415144451	1.0	1.0	0.435	19.2	19.2	19.2243	170.0	0.0
low_depth	p99_500kb	1000	0.022	0.014572707764791224	0.03308567334739927	1.0	1.0	0.9961732415144451	1.0	1.0	0.405	14.55	14.55	15.0225	44.0	0.0
low_depth	p99_fraction_2000kb	1000	0.075	0.06025180497346773	0.09300093973925395	1.0	1.0	0.9961732415144451	1.0	1.0	0.395	20.9	20.9	20.893900000000002	200.0	0.0
low_depth	p99_n1_100kb	1000	0.047	0.035527105106384765	0.06193993808152798	0.997	0.417	0.38681470363066867	0.4478205382779334	0.4182547642928786	3.9749999999999996	1.12	1.1150000000000002	1.47047	1.0	0.0
low_depth	p99_n1_2000kb	1000	0.025	0.016990131293434248	0.036645289267842926	0.133	0.124	0.10499997337198513	0.14587774900915218	0.9323308270676691	0.48	3.5	0.0	0.4978000000000001	169.0	0.0
low_depth	p99_n1_500kb	1000	0.021	0.013775739567924447	0.03189029506123717	0.357	0.229	0.2040231297505258	0.25605097334864496	0.6414565826330533	0.645	1.2	0.0	0.57825	43.0	0.0
low_recombination	ALL_100kb	1000	0.073	0.05845902621241372	0.09080902553425019	1.0	1.0	0.9961732415144451	1.0	1.0	1.9100000000000001	30.0	30.0	29.97108	10.0	0.0
low_recombination	ALL_2000kb	1000	0.066	0.05221235045948619	0.0831092759059755	1.0	1.0	0.9961732415144451	1.0	1.0	1.585	30.0	30.0	30.0	200.0	0.0
low_recombination	ALL_500kb	1000	0.067	0.053101919606624214	0.08421205324186637	1.0	1.0	0.9961732415144451	1.0	1.0	1.615	30.0	30.0	29.9952	50.0	0.0
low_recombination	G_tricube_h1Mb	1000	0.067	0.053101919606624214	0.08421205324186637	1.0	1.0	0.9961732415144451	1.0	1.0	1.63	30.0	30.0	30.0	200.0	0.0
low_recombination	p95_100kb	1000	0.021	0.013775739567924447	0.03189029506123717	1.0	1.0	0.9961732415144451	1.0	1.0	1.9100000000000001	29.99	29.99	29.592050000000004	10.0	0.0
low_recombination	p95_2000kb	1000	0.065	0.051323770569062385	0.0820055093133704	1.0	1.0	0.9961732415144451	1.0	1.0	1.575	30.0	30.0	29.9911	200.0	0.0
low_recombination	p95_500kb	1000	0.068	0.0539924578085305	0.08531386152298896	1.0	1.0	0.9961732415144451	1.0	1.0	1.595	30.0	30.0	29.9633	50.0	0.0
low_recombination	p99_100kb	1000	0.001	0.0001765463706260846	0.005642558597957719	1.0	0.986	0.9766379658824648	0.991642424869576	0.986	1.9100000000000001	29.5	29.5	27.601160000000004	10.0	0.0
low_recombination	p99_2000kb	1000	0.06	0.04689647267593227	0.07647107479135604	1.0	1.0	0.9961732415144451	1.0	1.0	1.565	30.0	30.0	29.9786	200.0	0.0
low_recombination	p99_500kb	1000	0.054	0.04162131372306302	0.06979215484605196	1.0	1.0	0.9961732415144451	1.0	1.0	1.625	30.0	30.0	29.9857	50.0	0.0
low_recombination	p99_fraction_2000kb	1000	0.065	0.051323770569062385	0.0820055093133704	1.0	1.0	0.9961732415144451	1.0	1.0	8.7	30.0	30.0	29.998	200.0	0.0
low_recombination	p99_n1_100kb	1000	0.045	0.03379951228563198	0.05968283793622299	1.0	0.971	0.9586616416633063	0.979733551843301	0.971	1.9300000000000002	28.54	28.54	25.26216	10.0	0.0
low_recombination	p99_n1_2000kb	1000	0.054	0.04162131372306302	0.06979215484605196	0.996	0.995	0.9883490446266252	0.9978624644726755	0.998995983935743	1.565	30.0	30.0	28.213900000000002	200.0	0.0
low_recombination	p99_n1_500kb	1000	0.064	0.050436200898229866	0.08090073250117402	0.996	0.987	0.9778855576244206	0.9923871796106488	0.9909638554216867	1.625	30.0	30.0	26.583800000000004	50.0	0.0
small_bulk	ALL_100kb	1000	0.05	0.038130262392749095	0.06531382024425034	1.0	0.998	0.9927371921365081	0.9994513564118793	0.998	0.465	11.865	11.865	12.237680000000001	10.0	0.0
small_bulk	ALL_2000kb	1000	0.046	0.03466249276326525	0.060812203941618605	1.0	1.0	0.9961732415144451	1.0	1.0	0.495	16.5	16.5	17.0313	200.0	0.0
small_bulk	ALL_500kb	1000	0.044	0.03293821458841875	0.05855178915040732	1.0	1.0	0.9961732415144451	1.0	1.0	0.405	13.9	13.9	14.328850000000001	50.0	0.0
small_bulk	G_tricube_h1Mb	1000	0.047	0.035527105106384765	0.06193993808152798	1.0	1.0	0.9961732415144451	1.0	1.0	0.405	16.3	16.3	16.8528	200.0	0.0
small_bulk	p95_100kb	1000	0.049	0.037261034647360886	0.06419070150660965	1.0	0.991	0.9829841838346622	0.9952579393325229	0.991	0.465	11.24	11.24	11.5462	10.0	0.0
small_bulk	p95_2000kb	1000	0.044	0.03293821458841875	0.05855178915040732	1.0	1.0	0.9961732415144451	1.0	1.0	0.495	16.7	16.7	17.096700000000002	200.0	0.0
small_bulk	p95_500kb	1000	0.047	0.035527105106384765	0.06193993808152798	1.0	1.0	0.9961732415144451	1.0	1.0	0.405	13.45	13.45	13.87505	50.0	0.0
small_bulk	p99_100kb	1000	0.005	0.0021375355273245064	0.011650955373374858	0.995	0.953	0.938060061918472	0.9644728948936152	0.9577889447236181	0.465	7.61	7.6	7.933790000000001	10.0	0.005
small_bulk	p99_2000kb	1000	0.038	0.027809004509302862	0.051726920331349874	1.0	1.0	0.9961732415144451	1.0	1.0	0.495	15.1	15.1	15.7965	200.0	0.0
small_bulk	p99_500kb	1000	0.05	0.038130262392749095	0.06531382024425034	1.0	1.0	0.9961732415144451	1.0	1.0	0.415	12.6	12.6	13.0969	50.0	0.0
small_bulk	p99_fraction_2000kb	1000	0.043	0.03207865341171362	0.05741900384408356	1.0	1.0	0.9961732415144451	1.0	1.0	1.1400000000000001	16.6	16.6	17.1658	200.0	0.0
small_bulk	p99_n1_100kb	1000	0.033	0.023592927958427115	0.04598126446708117	0.982	0.894	0.8733895811764348	0.9115949331369481	0.9103869653767821	0.515	5.365	5.29	5.712440000000001	10.0	0.0
small_bulk	p99_n1_2000kb	1000	0.041	0.030364971082098555	0.055147993207640855	0.962	0.951	0.9358092984933903	0.962738965352639	0.9885654885654885	0.495	10.0	9.9	10.063400000000001	200.0	0.0
small_bulk	p99_n1_500kb	1000	0.04	0.02951097368545301	0.05400964412125751	0.949	0.924	0.9059043568759523	0.9388505519282974	0.9736564805057956	0.425	6.5	6.275	6.62465	50.0	0.0
sparse_markers	ALL_100kb	1000	0.0	-2.168404344971009e-19	0.0038267584855549135	0.0	0.0	-2.168404344971009e-19	0.0038267584855549135				0.0	0.0	0.0	1.0
sparse_markers	ALL_2000kb	1000	0.062	0.04866418011998097	0.07868806031336514	1.0	1.0	0.9961732415144451	1.0	1.0	0.45	20.3	20.3	20.407199999999996	20.0	0.0
sparse_markers	ALL_500kb	1000	0.0	-2.168404344971009e-19	0.0038267584855549135	0.0	0.0	-2.168404344971009e-19	0.0038267584855549135				0.0	0.0	0.0	1.0
sparse_markers	G_tricube_h1Mb	1000	0.065	0.051323770569062385	0.0820055093133704	1.0	1.0	0.9961732415144451	1.0	1.0	0.35	20.1	20.1	20.1631	20.0	0.0
sparse_markers	p95_100kb	1000	0.0	-2.168404344971009e-19	0.0038267584855549135	0.0	0.0	-2.168404344971009e-19	0.0038267584855549135				0.0	0.0	0.0	1.0
sparse_markers	p95_2000kb	1000	0.061	0.047779775126034034	0.07758011882428319	1.0	1.0	0.9961732415144451	1.0	1.0	0.45	20.0	20.0	20.208	20.0	0.0
sparse_markers	p95_500kb	1000	0.0	-2.168404344971009e-19	0.0038267584855549135	0.0	0.0	-2.168404344971009e-19	0.0038267584855549135				0.0	0.0	0.0	1.0
sparse_markers	p99_100kb	1000	0.0	-2.168404344971009e-19	0.0038267584855549135	0.0	0.0	-2.168404344971009e-19	0.0038267584855549135				0.0	0.0	0.0	1.0
sparse_markers	p99_2000kb	1000	0.008	0.004059195818806175	0.015706334530979863	1.0	1.0	0.9961732415144451	1.0	1.0	0.45	16.0	16.0	16.3006	20.0	0.0
sparse_markers	p99_500kb	1000	0.0	-2.168404344971009e-19	0.0038267584855549135	0.0	0.0	-2.168404344971009e-19	0.0038267584855549135				0.0	0.0	0.0	1.0
sparse_markers	p99_fraction_2000kb	1000	0.055	0.04249742737476874	0.07090838767737513	1.0	1.0	0.9961732415144451	1.0	1.0	2.85	19.8	19.8	19.8384	20.0	0.0
sparse_markers	p99_n1_100kb	1000	0.045	0.03379951228563198	0.05968283793622299	1.0	0.985	0.9753990230730936	0.9908890211959183	0.985	0.64	9.71	9.71	9.852889999999999	1.0	0.0
sparse_markers	p99_n1_2000kb	1000	0.052	0.039873036283777696	0.0675557393192795	1.0	0.999	0.9943574414020424	0.999823453629374	0.999	0.45	14.0	14.0	14.106099999999998	20.0	0.0
sparse_markers	p99_n1_500kb	1000	0.041	0.030364971082098555	0.055147993207640855	1.0	0.995	0.9883490446266252	0.9978624644726755	0.995	0.5	11.25	11.25	11.337549999999998	5.0	0.0
strong_QTL	ALL_100kb	1000	0.044	0.03293821458841875	0.05855178915040732	1.0	1.0	0.9961732415144451	1.0	1.0	0.155	20.7	20.7	20.69756	10.0	0.0
strong_QTL	ALL_2000kb	1000	0.045	0.03379951228563198	0.05968283793622299	1.0	1.0	0.9961732415144451	1.0	1.0	0.285	25.0	25.0	24.4037	200.0	0.0
strong_QTL	ALL_500kb	1000	0.045	0.03379951228563198	0.05968283793622299	1.0	1.0	0.9961732415144451	1.0	1.0	0.155	22.725	22.725	22.6768	50.0	0.0
strong_QTL	G_tricube_h1Mb	1000	0.042	0.0312208855461657	0.05628442522660261	1.0	1.0	0.9961732415144451	1.0	1.0	0.205	24.7	24.7	24.1711	200.0	0.0
strong_QTL	p95_100kb	1000	0.02	0.012983682916415289	0.030690005229717432	1.0	1.0	0.9961732415144451	1.0	1.0	0.155	18.22	18.22	18.357110000000002	10.0	0.0
strong_QTL	p95_2000kb	1000	0.04	0.02951097368545301	0.05400964412125751	1.0	1.0	0.9961732415144451	1.0	1.0	0.285	24.1	24.1	23.7762	200.0	0.0
strong_QTL	p95_500kb	1000	0.04	0.02951097368545301	0.05400964412125751	1.0	1.0	0.9961732415144451	1.0	1.0	0.155	21.275	21.275	21.286450000000002	50.0	0.0
strong_QTL	p99_100kb	1000	0.0	-2.168404344971009e-19	0.0038267584855549135	1.0	1.0	0.9961732415144451	1.0	1.0	0.155	14.41	14.41	14.60418	10.0	0.0
strong_QTL	p99_2000kb	1000	0.032	0.022757107858711167	0.04482473808376823	1.0	1.0	0.9961732415144451	1.0	1.0	0.285	22.9	22.9	22.6391	200.0	0.0
strong_QTL	p99_500kb	1000	0.048	0.03639330102080819	0.06306608865013345	1.0	1.0	0.9961732415144451	1.0	1.0	0.155	22.0	22.0	21.920099999999998	50.0	0.0
strong_QTL	p99_fraction_2000kb	1000	0.049	0.037261034647360886	0.06419070150660965	1.0	1.0	0.9961732415144451	1.0	1.0	4.025	24.8	24.8	24.3735	200.0	0.0
strong_QTL	p99_n1_100kb	1000	0.042	0.0312208855461657	0.05628442522660261	1.0	1.0	0.9961732415144451	1.0	1.0	0.155	12.684999999999999	12.684999999999999	12.850950000000001	10.0	0.0
strong_QTL	p99_n1_2000kb	1000	0.037	0.02696118087555497	0.05058239748206888	1.0	1.0	0.9961732415144451	1.0	1.0	0.285	15.7	15.7	15.932799999999999	200.0	0.0
strong_QTL	p99_n1_500kb	1000	0.054	0.04162131372306302	0.06979215484605196	1.0	1.0	0.9961732415144451	1.0	1.0	0.155	13.4	13.4	13.572650000000001	50.0	0.0
weak_QTL	ALL_100kb	1000	0.061	0.047779775126034034	0.07758011882428319	0.924	0.772	0.7449850163320588	0.7969332270517995	0.8354978354978355	0.735	6.595	6.05	6.494479999999999	10.0	0.0
weak_QTL	ALL_2000kb	1000	0.056	0.0433748133854423	0.07202334814973047	0.936	0.912	0.8928277489502241	0.9280190020576788	0.9743589743589743	0.665	13.0	12.4	12.379900000000001	200.0	0.0
weak_QTL	ALL_500kb	1000	0.059	0.04601429821280078	0.07536090277145865	0.937	0.888	0.866949976324091	0.9060804590911186	0.9477054429028815	0.585	9.75	9.275	9.528849999999998	50.0	0.0
weak_QTL	G_tricube_h1Mb	1000	0.059	0.04601429821280078	0.07536090277145865	0.942	0.918	0.8993527833262961	0.9334480465797802	0.9745222929936306	0.55	12.649999999999999	12.3	12.21	200.0	0.0
weak_QTL	p95_100kb	1000	0.03	0.021093738828834897	0.04250341414758672	0.875	0.567	0.5360910862439581	0.5973961281189775	0.648	0.715	3.42	2.745	3.73858	10.0	0.125
weak_QTL	p95_2000kb	1000	0.053	0.040746505248594814	0.06867461683749128	0.917	0.887	0.8658784472486156	0.905159641683565	0.9672846237731734	0.735	11.8	11.0	11.1239	177.5	0.001
weak_QTL	p95_500kb	1000	0.057	0.04425344035871624	0.07313706765948541	0.916	0.81	0.7845166798033593	0.8331107299355968	0.8842794759825328	0.725	7.4	6.85	7.20335	46.0	0.001
weak_QTL	p99_100kb	1000	0.0	-2.168404344971009e-19	0.0038267584855549135	0.554	0.26	0.23376861850763164	0.28806822556543477	0.4693140794223827	0.605	1.03	0.12	1.07201	10.0	0.446
weak_QTL	p99_2000kb	1000	0.052	0.039873036283777696	0.0675557393192795	0.877	0.802	0.7761662003058558	0.8255224375688692	0.9144811858608894	0.885	9.9	9.0	9.1009	118.5	0.012
weak_QTL	p99_500kb	1000	0.051	0.039000942775267125	0.06643548634476118	0.929	0.844	0.8201985055513953	0.865168684610543	0.9085037674919269	0.81	8.65	8.2	8.425	30.0	0.04
weak_QTL	p99_fraction_2000kb	1000	0.055	0.04249742737476874	0.07090838767737513	0.939	0.913	0.8939135189433071	0.9289255785476246	0.972310969116081	0.705	13.1	12.55	12.5003	200.0	0.0
weak_QTL	p99_n1_100kb	1000	0.042	0.0312208855461657	0.05628442522660261	0.576	0.068	0.0539924578085305	0.08531386152298896	0.11805555555555555	2.63	0.195	0.1	0.29710000000000003	1.0	0.0
weak_QTL	p99_n1_2000kb	1000	0.031	0.021924003447158773	0.04366549601229173	0.225	0.174	0.15176235026548396	0.19873269626709783	0.7733333333333333	1.435	4.6	0.0	1.1689	104.0	0.0
weak_QTL	p99_n1_500kb	1000	0.029	0.020266448156698952	0.04133835833669378	0.245	0.123	0.10407414325107345	0.14481123264703497	0.5020408163265306	2.855	1.4	0.0	0.5590499999999999	7.0	0.0
