scenario	method	n_qtl	n_null	n_detected	n_included	n_null_detected	n_finite	false_positive_rate	detection_rate	coverage	coverage_given_detection	median_peak_error_mb	median_called_width_mb	no_finite_peak_rate	coverage_lower	coverage_upper	null_lower	null_upper
baseline	ALL_100kb	1000	1000	1000	1000	49	1000	0.049	1.0	1.0	1.0	0.295	16.08	0.0	0.9961732415144451	1.0	0.037261034647360886	0.06419070150660965
baseline	ALL_2000kb	1000	1000	1000	1000	52	1000	0.052	1.0	1.0	1.0	0.375	21.2	0.0	0.9961732415144451	1.0	0.039873036283777696	0.0675557393192795
baseline	ALL_500kb	1000	1000	1000	1000	53	1000	0.053	1.0	1.0	1.0	0.235	18.9	0.0	0.9961732415144451	1.0	0.040746505248594814	0.06867461683749128
baseline	p95_100kb	1000	1000	1000	999	22	1000	0.022	1.0	0.999	0.999	0.295	13.045	0.0	0.9943574414020424	0.999823453629374	0.014572707764791224	0.03308567334739927
baseline	p95_2000kb	1000	1000	1000	1000	61	1000	0.061	1.0	1.0	1.0	0.38	20.4	0.0	0.9961732415144451	1.0	0.047779775126034034	0.07758011882428319
baseline	p95_500kb	1000	1000	1000	1000	59	1000	0.059	1.0	1.0	1.0	0.235	17.025	0.0	0.9961732415144451	1.0	0.04601429821280078	0.07536090277145865
baseline	p99_100kb	1000	1000	999	984	1	999	0.001	0.999	0.984	0.984984984984985	0.295	8.73	0.001	0.9741679397882604	0.9901277579977225	0.0001765463706260846	0.005642558597957719
baseline	p99_2000kb	1000	1000	1000	1000	47	1000	0.047	1.0	1.0	1.0	0.385	18.7	0.0	0.9961732415144451	1.0	0.035527105106384765	0.06193993808152798
baseline	p99_500kb	1000	1000	1000	1000	53	1000	0.053	1.0	1.0	1.0	0.235	17.975	0.0	0.9961732415144451	1.0	0.040746505248594814	0.06867461683749128
baseline	p99_fraction_2000kb	1000	1000	1000	1000	57	1000	0.057	1.0	1.0	1.0	1.075	21.2	0.0	0.9961732415144451	1.0	0.04425344035871624	0.07313706765948541
baseline	p99_n1_100kb	1000	1000	1000	965	37	1000	0.037	1.0	0.965	0.965	0.315	6.625	0.0	0.9517133776255471	0.9747277369828868	0.02696118087555497	0.05058239748206888
baseline	p99_n1_2000kb	1000	1000	990	989	45	1000	0.045	0.99	0.989	0.998989898989899	0.385	10.2	0.0	0.980410604299214	0.9938468259019133	0.03379951228563198	0.05968283793622299
baseline	p99_n1_500kb	1000	1000	985	975	40	1000	0.04	0.985	0.975	0.9898477157360406	0.235	7.45	0.0	0.9633547107321571	0.9830098687065657	0.02951097368545301	0.05400964412125751
dense_markers	ALL_100kb	1000	1000	1000	1000	49	1000	0.049	1.0	1.0	1.0	0.23625	16.925	0.0	0.9961732415144451	1.0	0.037261034647360886	0.06419070150660965
dense_markers	ALL_2000kb	1000	1000	1000	1000	56	1000	0.056	1.0	1.0	1.0	0.35250000000000004	20.6	0.0	0.9961732415144451	1.0	0.0433748133854423	0.07202334814973047
dense_markers	ALL_500kb	1000	1000	1000	1000	50	1000	0.05	1.0	1.0	1.0	0.19875	18.55	0.0	0.9961732415144451	1.0	0.038130262392749095	0.06531382024425034
dense_markers	p95_100kb	1000	1000	1000	1000	58	1000	0.058	1.0	1.0	1.0	0.23625	14.83	0.0	0.9961732415144451	1.0	0.045133278234998554	0.074249576266232
dense_markers	p95_2000kb	1000	1000	1000	1000	50	1000	0.05	1.0	1.0	1.0	0.35375	20.7	0.0	0.9961732415144451	1.0	0.038130262392749095	0.06531382024425034
dense_markers	p95_500kb	1000	1000	1000	1000	52	1000	0.052	1.0	1.0	1.0	0.19875	17.625	0.0	0.9961732415144451	1.0	0.039873036283777696	0.0675557393192795
dense_markers	p99_100kb	1000	1000	1000	1000	48	1000	0.048	1.0	1.0	1.0	0.2275	15.42	0.0	0.9961732415144451	1.0	0.03639330102080819	0.06306608865013345
dense_markers	p99_2000kb	1000	1000	1000	1000	48	1000	0.048	1.0	1.0	1.0	0.35375	18.2	0.0	0.9961732415144451	1.0	0.03639330102080819	0.06306608865013345
dense_markers	p99_500kb	1000	1000	1000	1000	53	1000	0.053	1.0	1.0	1.0	0.19875	15.55	0.0	0.9961732415144451	1.0	0.040746505248594814	0.06867461683749128
dense_markers	p99_fraction_2000kb	1000	1000	1000	1000	49	1000	0.049	1.0	1.0	1.0	0.64	20.6	0.0	0.9961732415144451	1.0	0.037261034647360886	0.06419070150660965
dense_markers	p99_n1_100kb	1000	1000	979	959	61	1000	0.061	0.979	0.959	0.9795709908069459	0.23625	5.88	0.0	0.9448520067923591	0.9696350289179014	0.047779775126034034	0.07758011882428319
dense_markers	p99_n1_2000kb	1000	1000	984	984	51	1000	0.051	0.984	0.984	1.0	0.35375	10.1	0.0	0.9741679397882604	0.9901277579977225	0.039000942775267125	0.06643548634476118
dense_markers	p99_n1_500kb	1000	1000	981	979	48	1000	0.048	0.981	0.979	0.9979612640163099	0.19875	7.2	0.0	0.9681097049387629	0.9862242604320756	0.03639330102080819	0.06306608865013345
differential_error	ALL_100kb	1000	1000	1000	1000	40	1000	0.04	1.0	1.0	1.0	0.315	15.5	0.0	0.9961732415144451	1.0	0.02951097368545301	0.05400964412125751
differential_error	ALL_2000kb	1000	1000	1000	1000	39	1000	0.039	1.0	1.0	1.0	0.395	20.7	0.0	0.9961732415144451	1.0	0.028658960904180717	0.05286931041950091
differential_error	ALL_500kb	1000	1000	1000	1000	42	1000	0.042	1.0	1.0	1.0	0.275	18.15	0.0	0.9961732415144451	1.0	0.0312208855461657	0.05628442522660261
differential_error	p95_100kb	1000	1000	1000	1000	21	1000	0.021	1.0	1.0	1.0	0.315	12.98	0.0	0.9961732415144451	1.0	0.013775739567924447	0.03189029506123717
differential_error	p95_2000kb	1000	1000	1000	1000	54	1000	0.054	1.0	1.0	1.0	0.395	19.95	0.0	0.9961732415144451	1.0	0.04162131372306302	0.06979215484605196
differential_error	p95_500kb	1000	1000	1000	1000	43	1000	0.043	1.0	1.0	1.0	0.275	16.575000000000003	0.0	0.9961732415144451	1.0	0.03207865341171362	0.05741900384408356
differential_error	p99_100kb	1000	1000	1000	987	2	1000	0.002	1.0	0.987	0.987	0.315	8.65	0.0	0.9778855576244206	0.9923871796106488	0.0005486435881207445	0.00726280786349195
differential_error	p99_2000kb	1000	1000	1000	1000	44	1000	0.044	1.0	1.0	1.0	0.395	18.2	0.0	0.9961732415144451	1.0	0.03293821458841875	0.05855178915040732
differential_error	p99_500kb	1000	1000	1000	1000	31	1000	0.031	1.0	1.0	1.0	0.275	17.15	0.0	0.9961732415144451	1.0	0.021924003447158773	0.04366549601229173
differential_error	p99_fraction_2000kb	1000	1000	1000	1000	41	1000	0.041	1.0	1.0	1.0	1.115	20.8	0.0	0.9961732415144451	1.0	0.030364971082098555	0.055147993207640855
differential_error	p99_n1_100kb	1000	1000	993	941	19	1000	0.019	0.993	0.941	0.9476334340382678	0.335	5.31	0.0	0.9246390972285413	0.9539857017871992	0.012196885750791052	0.029484455912312774
differential_error	p99_n1_2000kb	1000	1000	991	990	41	1000	0.041	0.991	0.99	0.9989909182643795	0.395	10.2	0.0	0.9816905311296855	0.9945592455544707	0.030364971082098555	0.055147993207640855
differential_error	p99_n1_500kb	1000	1000	990	983	39	1000	0.039	0.99	0.983	0.9929292929292929	0.275	7.55	0.0	0.9729440411597704	0.9893593101431836	0.028658960904180717	0.05286931041950091
heterogeneous_map	ALL_100kb	1000	1000	1000	1000	60	1000	0.06	1.0	1.0	1.0	0.745	23.02	0.0	0.9961732415144451	1.0	0.04689647267593227	0.07647107479135604
heterogeneous_map	ALL_2000kb	1000	1000	1000	1000	60	1000	0.06	1.0	1.0	1.0	0.645	25.2	0.0	0.9961732415144451	1.0	0.04689647267593227	0.07647107479135604
heterogeneous_map	ALL_500kb	1000	1000	1000	1000	62	1000	0.062	1.0	1.0	1.0	0.595	24.0	0.0	0.9961732415144451	1.0	0.04866418011998097	0.07868806031336514
heterogeneous_map	p95_100kb	1000	1000	1000	1000	22	1000	0.022	1.0	1.0	1.0	0.745	20.53	0.0	0.9961732415144451	1.0	0.014572707764791224	0.03308567334739927
heterogeneous_map	p95_2000kb	1000	1000	1000	1000	50	1000	0.05	1.0	1.0	1.0	0.645	25.3	0.0	0.9961732415144451	1.0	0.038130262392749095	0.06531382024425034
heterogeneous_map	p95_500kb	1000	1000	1000	1000	45	1000	0.045	1.0	1.0	1.0	0.605	23.35	0.0	0.9961732415144451	1.0	0.03379951228563198	0.05968283793622299
heterogeneous_map	p99_100kb	1000	1000	1000	990	2	1000	0.002	1.0	0.99	0.99	0.745	16.415	0.0	0.9816905311296855	0.9945592455544707	0.0005486435881207445	0.00726280786349195
heterogeneous_map	p99_2000kb	1000	1000	1000	1000	46	1000	0.046	1.0	1.0	1.0	0.655	24.9	0.0	0.9961732415144451	1.0	0.03466249276326525	0.060812203941618605
heterogeneous_map	p99_500kb	1000	1000	1000	1000	55	1000	0.055	1.0	1.0	1.0	0.605	23.85	0.0	0.9961732415144451	1.0	0.04249742737476874	0.07090838767737513
heterogeneous_map	p99_fraction_2000kb	1000	1000	1000	1000	58	1000	0.058	1.0	1.0	1.0	2.355	25.4	0.0	0.9961732415144451	1.0	0.045133278234998554	0.074249576266232
heterogeneous_map	p99_n1_100kb	1000	1000	998	966	47	1000	0.047	0.998	0.966	0.9679358717434869	0.77	14.18	0.0	0.9528648097546893	0.9755686513367735	0.035527105106384765	0.06193993808152798
heterogeneous_map	p99_n1_2000kb	1000	1000	990	988	40	1000	0.04	0.99	0.988	0.997979797979798	0.655	18.7	0.0	0.979142731524502	0.9931223521935963	0.02951097368545301	0.05400964412125751
heterogeneous_map	p99_n1_500kb	1000	1000	989	983	51	1000	0.051	0.989	0.983	0.993933265925177	0.61	15.65	0.0	0.9729440411597704	0.9893593101431836	0.039000942775267125	0.06643548634476118
high_depth	ALL_100kb	1000	1000	1000	1000	64	1000	0.064	1.0	1.0	1.0	0.275	16.695	0.0	0.9961732415144451	1.0	0.050436200898229866	0.08090073250117402
high_depth	ALL_2000kb	1000	1000	1000	1000	69	1000	0.069	1.0	1.0	1.0	0.375	21.5	0.0	0.9961732415144451	1.0	0.054883945585911614	0.08641472022863675
high_depth	ALL_500kb	1000	1000	1000	1000	69	1000	0.069	1.0	1.0	1.0	0.225	19.0	0.0	0.9961732415144451	1.0	0.054883945585911614	0.08641472022863675
high_depth	p95_100kb	1000	1000	1000	1000	70	1000	0.07	1.0	1.0	1.0	0.275	16.24	0.0	0.9961732415144451	1.0	0.055776364146294416	0.08751464815128285
high_depth	p95_2000kb	1000	1000	1000	1000	65	1000	0.065	1.0	1.0	1.0	0.375	21.3	0.0	0.9961732415144451	1.0	0.051323770569062385	0.0820055093133704
high_depth	p95_500kb	1000	1000	1000	1000	62	1000	0.062	1.0	1.0	1.0	0.225	18.174999999999997	0.0	0.9961732415144451	1.0	0.04866418011998097	0.07868806031336514
high_depth	p99_100kb	1000	1000	1000	1000	10	1000	0.01	1.0	1.0	1.0	0.275	12.36	0.0	0.9961732415144451	1.0	0.005440754445529338	0.01830946887031448
high_depth	p99_2000kb	1000	1000	1000	1000	50	1000	0.05	1.0	1.0	1.0	0.375	19.9	0.0	0.9961732415144451	1.0	0.038130262392749095	0.06531382024425034
high_depth	p99_500kb	1000	1000	1000	1000	60	1000	0.06	1.0	1.0	1.0	0.225	17.75	0.0	0.9961732415144451	1.0	0.04689647267593227	0.07647107479135604
high_depth	p99_fraction_2000kb	1000	1000	1000	1000	68	1000	0.068	1.0	1.0	1.0	3.065	21.5	0.0	0.9961732415144451	1.0	0.0539924578085305	0.08531386152298896
high_depth	p99_n1_100kb	1000	1000	1000	1000	42	1000	0.042	1.0	1.0	1.0	0.275	10.605	0.0	0.9961732415144451	1.0	0.0312208855461657	0.05628442522660261
high_depth	p99_n1_2000kb	1000	1000	1000	1000	35	1000	0.035	1.0	1.0	1.0	0.375	14.7	0.0	0.9961732415144451	1.0	0.025272263017113168	0.04828662237445291
high_depth	p99_n1_500kb	1000	1000	1000	1000	41	1000	0.041	1.0	1.0	1.0	0.225	12.1	0.0	0.9961732415144451	1.0	0.030364971082098555	0.055147993207640855
high_recombination	ALL_100kb	1000	1000	1000	1000	50	1000	0.05	1.0	1.0	1.0	0.165	8.445	0.0	0.9961732415144451	1.0	0.038130262392749095	0.06531382024425034
high_recombination	ALL_2000kb	1000	1000	1000	1000	65	1000	0.065	1.0	1.0	1.0	0.265	12.8	0.0	0.9961732415144451	1.0	0.051323770569062385	0.0820055093133704
high_recombination	ALL_500kb	1000	1000	1000	1000	68	1000	0.068	1.0	1.0	1.0	0.155	10.4	0.0	0.9961732415144451	1.0	0.0539924578085305	0.08531386152298896
high_recombination	p95_100kb	1000	1000	1000	998	34	1000	0.034	1.0	0.998	0.998	0.165	7.075	0.0	0.9927371921365081	0.9994513564118793	0.024431348663226528	0.04713519024531065
high_recombination	p95_2000kb	1000	1000	1000	1000	53	1000	0.053	1.0	1.0	1.0	0.265	12.4	0.0	0.9961732415144451	1.0	0.040746505248594814	0.06867461683749128
high_recombination	p95_500kb	1000	1000	1000	1000	60	1000	0.06	1.0	1.0	1.0	0.155	9.35	0.0	0.9961732415144451	1.0	0.04689647267593227	0.07647107479135604
high_recombination	p99_100kb	1000	1000	999	987	1	999	0.001	0.999	0.987	0.987987987987988	0.165	4.56	0.001	0.9778855576244206	0.9923871796106488	0.0001765463706260846	0.005642558597957719
high_recombination	p99_2000kb	1000	1000	1000	1000	49	1000	0.049	1.0	1.0	1.0	0.275	11.4	0.0	0.9961732415144451	1.0	0.037261034647360886	0.06419070150660965
high_recombination	p99_500kb	1000	1000	1000	1000	52	1000	0.052	1.0	1.0	1.0	0.155	9.45	0.0	0.9961732415144451	1.0	0.039873036283777696	0.0675557393192795
high_recombination	p99_fraction_2000kb	1000	1000	1000	1000	61	1000	0.061	1.0	1.0	1.0	0.435	13.0	0.0	0.9961732415144451	1.0	0.047779775126034034	0.07758011882428319
high_recombination	p99_n1_100kb	1000	1000	984	942	59	1000	0.059	0.984	0.942	0.9573170731707317	0.165	2.86	0.0	0.925750423733768	0.9548667217650014	0.04601429821280078	0.07536090277145865
high_recombination	p99_n1_2000kb	1000	1000	980	978	60	1000	0.06	0.98	0.978	0.9979591836734694	0.275	6.7	0.0	0.9669143266526008	0.9854272922352088	0.04689647267593227	0.07647107479135604
high_recombination	p99_n1_500kb	1000	1000	982	976	41	1000	0.041	0.982	0.976	0.9938900203665988	0.155	4.1	0.0	0.9645370943883889	0.9838198315333628	0.030364971082098555	0.055147993207640855
large_bulk	ALL_100kb	1000	1000	1000	1000	28	1000	0.028	1.0	1.0	1.0	0.285	18.66	0.0	0.9961732415144451	1.0	0.019442276812771123	0.04017018319759272
large_bulk	ALL_2000kb	1000	1000	1000	1000	44	1000	0.044	1.0	1.0	1.0	0.305	24.9	0.0	0.9961732415144451	1.0	0.03293821458841875	0.05855178915040732
large_bulk	ALL_500kb	1000	1000	1000	1000	46	1000	0.046	1.0	1.0	1.0	0.225	22.7	0.0	0.9961732415144451	1.0	0.03466249276326525	0.060812203941618605
large_bulk	p95_100kb	1000	1000	1000	999	0	1000	0.0	1.0	0.999	0.999	0.285	12.085	0.0	0.9943574414020424	0.999823453629374	-2.168404344971009e-19	0.0038267584855549135
large_bulk	p95_2000kb	1000	1000	1000	1000	36	1000	0.036	1.0	1.0	1.0	0.305	21.05	0.0	0.9961732415144451	1.0	0.026115571407387544	0.049435660467207404
large_bulk	p95_500kb	1000	1000	1000	1000	47	1000	0.047	1.0	1.0	1.0	0.225	18.75	0.0	0.9961732415144451	1.0	0.035527105106384765	0.06193993808152798
large_bulk	p99_100kb	1000	1000	1000	989	0	1000	0.0	1.0	0.989	0.989	0.285	8.28	0.0	0.980410604299214	0.9938468259019133	-2.168404344971009e-19	0.0038267584855549135
large_bulk	p99_2000kb	1000	1000	1000	1000	47	1000	0.047	1.0	1.0	1.0	0.305	20.9	0.0	0.9961732415144451	1.0	0.035527105106384765	0.06193993808152798
large_bulk	p99_500kb	1000	1000	1000	1000	29	1000	0.029	1.0	1.0	1.0	0.225	21.674999999999997	0.0	0.9961732415144451	1.0	0.020266448156698952	0.04133835833669378
large_bulk	p99_fraction_2000kb	1000	1000	1000	1000	35	1000	0.035	1.0	1.0	1.0	0.685	24.6	0.0	0.9961732415144451	1.0	0.025272263017113168	0.04828662237445291
large_bulk	p99_n1_100kb	1000	1000	996	945	36	1000	0.036	0.996	0.945	0.9487951807228916	0.305	4.835	0.0	0.9290916123226248	0.9575025726252312	0.026115571407387544	0.049435660467207404
large_bulk	p99_n1_2000kb	1000	1000	982	981	22	1000	0.022	0.982	0.981	0.9989816700610998	0.305	8.3	0.0	0.9705155440876871	0.987803114249209	0.014572707764791224	0.03308567334739927
large_bulk	p99_n1_500kb	1000	1000	971	966	32	1000	0.032	0.971	0.966	0.9948506694129763	0.225	5.6	0.0	0.9528648097546893	0.9755686513367735	0.022757107858711167	0.04482473808376823
low_depth	ALL_100kb	1000	1000	1000	1000	77	1000	0.077	1.0	1.0	1.0	0.375	14.45	0.0	0.9961732415144451	1.0	0.06204790706060627	0.09518953061817319
low_depth	ALL_2000kb	1000	1000	1000	1000	79	1000	0.079	1.0	1.0	1.0	0.385	21.3	0.0	0.9961732415144451	1.0	0.06384721576082956	0.0973749148840077
low_depth	ALL_500kb	1000	1000	1000	1000	83	1000	0.083	1.0	1.0	1.0	0.315	18.375	0.0	0.9961732415144451	1.0	0.06745502144289969	0.10173649513405314
low_depth	p95_100kb	1000	1000	999	905	2	999	0.002	0.999	0.905	0.9059059059059059	0.375	5.63	0.001	0.8852455602057484	0.9216547654209523	0.0005486435881207445	0.00726280786349195
low_depth	p95_2000kb	1000	1000	1000	1000	58	1000	0.058	1.0	1.0	1.0	0.395	15.4	0.0	0.9961732415144451	1.0	0.045133278234998554	0.074249576266232
low_depth	p95_500kb	1000	1000	1000	1000	75	1000	0.075	1.0	1.0	1.0	0.325	14.15	0.0	0.9961732415144451	1.0	0.06025180497346773	0.09300093973925395
low_depth	p99_100kb	1000	1000	919	566	0	919	0.0	0.919	0.566	0.6158868335146899	0.385	1.86	0.081	0.5350866438157517	0.596408224064155	-2.168404344971009e-19	0.0038267584855549135
low_depth	p99_2000kb	1000	1000	1000	1000	81	1000	0.081	1.0	1.0	1.0	0.435	19.2	0.0	0.9961732415144451	1.0	0.06564962154120069	0.09955720206969434
low_depth	p99_500kb	1000	1000	1000	1000	22	1000	0.022	1.0	1.0	1.0	0.405	14.55	0.0	0.9961732415144451	1.0	0.014572707764791224	0.03308567334739927
low_depth	p99_fraction_2000kb	1000	1000	1000	1000	75	1000	0.075	1.0	1.0	1.0	0.395	20.9	0.0	0.9961732415144451	1.0	0.06025180497346773	0.09300093973925395
low_depth	p99_n1_100kb	1000	1000	997	417	47	1000	0.047	0.997	0.417	0.4182547642928786	3.9749999999999996	1.12	0.0	0.38681470363066867	0.4478205382779334	0.035527105106384765	0.06193993808152798
low_depth	p99_n1_2000kb	1000	1000	133	124	25	1000	0.025	0.133	0.124	0.9323308270676691	0.48	3.5	0.0	0.10499997337198513	0.14587774900915218	0.016990131293434248	0.036645289267842926
low_depth	p99_n1_500kb	1000	1000	357	229	21	1000	0.021	0.357	0.229	0.6414565826330533	0.645	1.2	0.0	0.2040231297505258	0.25605097334864496	0.013775739567924447	0.03189029506123717
low_recombination	ALL_100kb	1000	1000	1000	1000	73	1000	0.073	1.0	1.0	1.0	1.9100000000000001	30.0	0.0	0.9961732415144451	1.0	0.05845902621241372	0.09080902553425019
low_recombination	ALL_2000kb	1000	1000	1000	1000	66	1000	0.066	1.0	1.0	1.0	1.585	30.0	0.0	0.9961732415144451	1.0	0.05221235045948619	0.0831092759059755
low_recombination	ALL_500kb	1000	1000	1000	1000	67	1000	0.067	1.0	1.0	1.0	1.615	30.0	0.0	0.9961732415144451	1.0	0.053101919606624214	0.08421205324186637
low_recombination	p95_100kb	1000	1000	1000	1000	21	1000	0.021	1.0	1.0	1.0	1.9100000000000001	29.99	0.0	0.9961732415144451	1.0	0.013775739567924447	0.03189029506123717
low_recombination	p95_2000kb	1000	1000	1000	1000	65	1000	0.065	1.0	1.0	1.0	1.575	30.0	0.0	0.9961732415144451	1.0	0.051323770569062385	0.0820055093133704
low_recombination	p95_500kb	1000	1000	1000	1000	68	1000	0.068	1.0	1.0	1.0	1.595	30.0	0.0	0.9961732415144451	1.0	0.0539924578085305	0.08531386152298896
low_recombination	p99_100kb	1000	1000	1000	986	1	1000	0.001	1.0	0.986	0.986	1.9100000000000001	29.5	0.0	0.9766379658824648	0.991642424869576	0.0001765463706260846	0.005642558597957719
low_recombination	p99_2000kb	1000	1000	1000	1000	60	1000	0.06	1.0	1.0	1.0	1.565	30.0	0.0	0.9961732415144451	1.0	0.04689647267593227	0.07647107479135604
low_recombination	p99_500kb	1000	1000	1000	1000	54	1000	0.054	1.0	1.0	1.0	1.625	30.0	0.0	0.9961732415144451	1.0	0.04162131372306302	0.06979215484605196
low_recombination	p99_fraction_2000kb	1000	1000	1000	1000	65	1000	0.065	1.0	1.0	1.0	8.7	30.0	0.0	0.9961732415144451	1.0	0.051323770569062385	0.0820055093133704
low_recombination	p99_n1_100kb	1000	1000	1000	971	45	1000	0.045	1.0	0.971	0.971	1.9300000000000002	28.54	0.0	0.9586616416633063	0.979733551843301	0.03379951228563198	0.05968283793622299
low_recombination	p99_n1_2000kb	1000	1000	996	995	54	1000	0.054	0.996	0.995	0.998995983935743	1.565	30.0	0.0	0.9883490446266252	0.9978624644726755	0.04162131372306302	0.06979215484605196
low_recombination	p99_n1_500kb	1000	1000	996	987	64	1000	0.064	0.996	0.987	0.9909638554216867	1.625	30.0	0.0	0.9778855576244206	0.9923871796106488	0.050436200898229866	0.08090073250117402
small_bulk	ALL_100kb	1000	1000	1000	998	50	1000	0.05	1.0	0.998	0.998	0.465	11.865	0.0	0.9927371921365081	0.9994513564118793	0.038130262392749095	0.06531382024425034
small_bulk	ALL_2000kb	1000	1000	1000	1000	46	1000	0.046	1.0	1.0	1.0	0.495	16.5	0.0	0.9961732415144451	1.0	0.03466249276326525	0.060812203941618605
small_bulk	ALL_500kb	1000	1000	1000	1000	44	1000	0.044	1.0	1.0	1.0	0.405	13.9	0.0	0.9961732415144451	1.0	0.03293821458841875	0.05855178915040732
small_bulk	p95_100kb	1000	1000	1000	991	49	1000	0.049	1.0	0.991	0.991	0.465	11.24	0.0	0.9829841838346622	0.9952579393325229	0.037261034647360886	0.06419070150660965
small_bulk	p95_2000kb	1000	1000	1000	1000	44	1000	0.044	1.0	1.0	1.0	0.495	16.7	0.0	0.9961732415144451	1.0	0.03293821458841875	0.05855178915040732
small_bulk	p95_500kb	1000	1000	1000	1000	47	1000	0.047	1.0	1.0	1.0	0.405	13.45	0.0	0.9961732415144451	1.0	0.035527105106384765	0.06193993808152798
small_bulk	p99_100kb	1000	1000	995	953	5	995	0.005	0.995	0.953	0.9577889447236181	0.465	7.61	0.005	0.938060061918472	0.9644728948936152	0.0021375355273245064	0.011650955373374858
small_bulk	p99_2000kb	1000	1000	1000	1000	38	1000	0.038	1.0	1.0	1.0	0.495	15.1	0.0	0.9961732415144451	1.0	0.027809004509302862	0.051726920331349874
small_bulk	p99_500kb	1000	1000	1000	1000	50	1000	0.05	1.0	1.0	1.0	0.415	12.6	0.0	0.9961732415144451	1.0	0.038130262392749095	0.06531382024425034
small_bulk	p99_fraction_2000kb	1000	1000	1000	1000	43	1000	0.043	1.0	1.0	1.0	1.1400000000000001	16.6	0.0	0.9961732415144451	1.0	0.03207865341171362	0.05741900384408356
small_bulk	p99_n1_100kb	1000	1000	982	894	33	1000	0.033	0.982	0.894	0.9103869653767821	0.515	5.365	0.0	0.8733895811764348	0.9115949331369481	0.023592927958427115	0.04598126446708117
small_bulk	p99_n1_2000kb	1000	1000	962	951	41	1000	0.041	0.962	0.951	0.9885654885654885	0.495	10.0	0.0	0.9358092984933903	0.962738965352639	0.030364971082098555	0.055147993207640855
small_bulk	p99_n1_500kb	1000	1000	949	924	40	1000	0.04	0.949	0.924	0.9736564805057956	0.425	6.5	0.0	0.9059043568759523	0.9388505519282974	0.02951097368545301	0.05400964412125751
sparse_markers	ALL_100kb	1000	1000	0	0	0	0	0.0	0.0	0.0				1.0	-2.168404344971009e-19	0.0038267584855549135	-2.168404344971009e-19	0.0038267584855549135
sparse_markers	ALL_2000kb	1000	1000	1000	1000	62	1000	0.062	1.0	1.0	1.0	0.45	20.3	0.0	0.9961732415144451	1.0	0.04866418011998097	0.07868806031336514
sparse_markers	ALL_500kb	1000	1000	0	0	0	0	0.0	0.0	0.0				1.0	-2.168404344971009e-19	0.0038267584855549135	-2.168404344971009e-19	0.0038267584855549135
sparse_markers	p95_100kb	1000	1000	0	0	0	0	0.0	0.0	0.0				1.0	-2.168404344971009e-19	0.0038267584855549135	-2.168404344971009e-19	0.0038267584855549135
sparse_markers	p95_2000kb	1000	1000	1000	1000	61	1000	0.061	1.0	1.0	1.0	0.45	20.0	0.0	0.9961732415144451	1.0	0.047779775126034034	0.07758011882428319
sparse_markers	p95_500kb	1000	1000	0	0	0	0	0.0	0.0	0.0				1.0	-2.168404344971009e-19	0.0038267584855549135	-2.168404344971009e-19	0.0038267584855549135
sparse_markers	p99_100kb	1000	1000	0	0	0	0	0.0	0.0	0.0				1.0	-2.168404344971009e-19	0.0038267584855549135	-2.168404344971009e-19	0.0038267584855549135
sparse_markers	p99_2000kb	1000	1000	1000	1000	8	1000	0.008	1.0	1.0	1.0	0.45	16.0	0.0	0.9961732415144451	1.0	0.004059195818806175	0.015706334530979863
sparse_markers	p99_500kb	1000	1000	0	0	0	0	0.0	0.0	0.0				1.0	-2.168404344971009e-19	0.0038267584855549135	-2.168404344971009e-19	0.0038267584855549135
sparse_markers	p99_fraction_2000kb	1000	1000	1000	1000	55	1000	0.055	1.0	1.0	1.0	2.85	19.8	0.0	0.9961732415144451	1.0	0.04249742737476874	0.07090838767737513
sparse_markers	p99_n1_100kb	1000	1000	1000	985	45	1000	0.045	1.0	0.985	0.985	0.64	9.71	0.0	0.9753990230730936	0.9908890211959183	0.03379951228563198	0.05968283793622299
sparse_markers	p99_n1_2000kb	1000	1000	1000	999	52	1000	0.052	1.0	0.999	0.999	0.45	14.0	0.0	0.9943574414020424	0.999823453629374	0.039873036283777696	0.0675557393192795
sparse_markers	p99_n1_500kb	1000	1000	1000	995	41	1000	0.041	1.0	0.995	0.995	0.5	11.25	0.0	0.9883490446266252	0.9978624644726755	0.030364971082098555	0.055147993207640855
strong_QTL	ALL_100kb	1000	1000	1000	1000	44	1000	0.044	1.0	1.0	1.0	0.155	20.7	0.0	0.9961732415144451	1.0	0.03293821458841875	0.05855178915040732
strong_QTL	ALL_2000kb	1000	1000	1000	1000	45	1000	0.045	1.0	1.0	1.0	0.285	25.0	0.0	0.9961732415144451	1.0	0.03379951228563198	0.05968283793622299
strong_QTL	ALL_500kb	1000	1000	1000	1000	45	1000	0.045	1.0	1.0	1.0	0.155	22.725	0.0	0.9961732415144451	1.0	0.03379951228563198	0.05968283793622299
strong_QTL	p95_100kb	1000	1000	1000	1000	20	1000	0.02	1.0	1.0	1.0	0.155	18.22	0.0	0.9961732415144451	1.0	0.012983682916415289	0.030690005229717432
strong_QTL	p95_2000kb	1000	1000	1000	1000	40	1000	0.04	1.0	1.0	1.0	0.285	24.1	0.0	0.9961732415144451	1.0	0.02951097368545301	0.05400964412125751
strong_QTL	p95_500kb	1000	1000	1000	1000	40	1000	0.04	1.0	1.0	1.0	0.155	21.275	0.0	0.9961732415144451	1.0	0.02951097368545301	0.05400964412125751
strong_QTL	p99_100kb	1000	1000	1000	1000	0	1000	0.0	1.0	1.0	1.0	0.155	14.41	0.0	0.9961732415144451	1.0	-2.168404344971009e-19	0.0038267584855549135
strong_QTL	p99_2000kb	1000	1000	1000	1000	32	1000	0.032	1.0	1.0	1.0	0.285	22.9	0.0	0.9961732415144451	1.0	0.022757107858711167	0.04482473808376823
strong_QTL	p99_500kb	1000	1000	1000	1000	48	1000	0.048	1.0	1.0	1.0	0.155	22.0	0.0	0.9961732415144451	1.0	0.03639330102080819	0.06306608865013345
strong_QTL	p99_fraction_2000kb	1000	1000	1000	1000	49	1000	0.049	1.0	1.0	1.0	4.025	24.8	0.0	0.9961732415144451	1.0	0.037261034647360886	0.06419070150660965
strong_QTL	p99_n1_100kb	1000	1000	1000	1000	42	1000	0.042	1.0	1.0	1.0	0.155	12.684999999999999	0.0	0.9961732415144451	1.0	0.0312208855461657	0.05628442522660261
strong_QTL	p99_n1_2000kb	1000	1000	1000	1000	37	1000	0.037	1.0	1.0	1.0	0.285	15.7	0.0	0.9961732415144451	1.0	0.02696118087555497	0.05058239748206888
strong_QTL	p99_n1_500kb	1000	1000	1000	1000	54	1000	0.054	1.0	1.0	1.0	0.155	13.4	0.0	0.9961732415144451	1.0	0.04162131372306302	0.06979215484605196
weak_QTL	ALL_100kb	1000	1000	924	772	61	1000	0.061	0.924	0.772	0.8354978354978355	0.735	6.595	0.0	0.7449850163320588	0.7969332270517995	0.047779775126034034	0.07758011882428319
weak_QTL	ALL_2000kb	1000	1000	936	912	56	1000	0.056	0.936	0.912	0.9743589743589743	0.665	13.0	0.0	0.8928277489502241	0.9280190020576788	0.0433748133854423	0.07202334814973047
weak_QTL	ALL_500kb	1000	1000	937	888	59	1000	0.059	0.937	0.888	0.9477054429028815	0.585	9.75	0.0	0.866949976324091	0.9060804590911186	0.04601429821280078	0.07536090277145865
weak_QTL	p95_100kb	1000	1000	875	567	30	875	0.03	0.875	0.567	0.648	0.715	3.42	0.125	0.5360910862439581	0.5973961281189775	0.021093738828834897	0.04250341414758672
weak_QTL	p95_2000kb	1000	1000	917	887	53	999	0.053	0.917	0.887	0.9672846237731734	0.735	11.8	0.001	0.8658784472486156	0.905159641683565	0.040746505248594814	0.06867461683749128
weak_QTL	p95_500kb	1000	1000	916	810	57	999	0.057	0.916	0.81	0.8842794759825328	0.725	7.4	0.001	0.7845166798033593	0.8331107299355968	0.04425344035871624	0.07313706765948541
weak_QTL	p99_100kb	1000	1000	554	260	0	554	0.0	0.554	0.26	0.4693140794223827	0.605	1.03	0.446	0.23376861850763164	0.28806822556543477	-2.168404344971009e-19	0.0038267584855549135
weak_QTL	p99_2000kb	1000	1000	877	802	52	988	0.052	0.877	0.802	0.9144811858608894	0.885	9.9	0.012	0.7761662003058558	0.8255224375688692	0.039873036283777696	0.0675557393192795
weak_QTL	p99_500kb	1000	1000	929	844	51	960	0.051	0.929	0.844	0.9085037674919269	0.81	8.65	0.04	0.8201985055513953	0.865168684610543	0.039000942775267125	0.06643548634476118
weak_QTL	p99_fraction_2000kb	1000	1000	939	913	55	1000	0.055	0.939	0.913	0.972310969116081	0.705	13.1	0.0	0.8939135189433071	0.9289255785476246	0.04249742737476874	0.07090838767737513
weak_QTL	p99_n1_100kb	1000	1000	576	68	42	1000	0.042	0.576	0.068	0.11805555555555555	2.63	0.195	0.0	0.0539924578085305	0.08531386152298896	0.0312208855461657	0.05628442522660261
weak_QTL	p99_n1_2000kb	1000	1000	225	174	31	1000	0.031	0.225	0.174	0.7733333333333333	1.435	4.6	0.0	0.15176235026548396	0.19873269626709783	0.021924003447158773	0.04366549601229173
weak_QTL	p99_n1_500kb	1000	1000	245	123	29	1000	0.029	0.245	0.123	0.5020408163265306	2.855	1.4	0.0	0.10407414325107345	0.14481123264703497	0.020266448156698952	0.04133835833669378
