Dataset	Window / step	Peak start (Mb)	Peak midpoint (Mb)	Start distance to locus (Mb)	Midpoint distance to locus (Mb)	Peak SNPs	Tied windows
OsABCI8	2 Mb / 100 kb	2.0	3.0	15.329608	14.329608	1	5
OsABCI8	1 Mb / 50 kb	2.95	3.45	14.379608	13.879608	1	10
OsABCI8	500 kb / 10 kb	3.42	3.67	13.909608	13.659608	1	49
OsABCI8	100 kb / 5 kb	3.815	3.865	13.514608	13.464608	1	20
OsABCI8	10 kb / 5 kb	3.905	3.91	13.424608	13.419608	1	2
qHT1	2 Mb / 100 kb	3.1	4.1	1.565786	0.565786	5044	1
qHT1	1 Mb / 50 kb	4.05	4.55	0.615786	0.115786	2736	1
qHT1	500 kb / 10 kb	4.54	4.79	0.125786	0.122904	1346	1
qHT1	100 kb / 5 kb	4.57	4.62	0.095786	0.045786	244	1
qHT1	10 kb / 5 kb	4.58	4.585	0.085786	0.080786	28	1
OsLESV	2 Mb / 100 kb	0.0	1.0	22.175496	21.175496	1	1
OsLESV	1 Mb / 50 kb	27.65	28.15	5.471064	5.971064	1	7
OsLESV	500 kb / 10 kb	27.61	27.86	5.431064	5.681064	1	40
OsLESV	100 kb / 5 kb	27.905	27.955	5.726064	5.776064	1	20
OsLESV	10 kb / 5 kb	27.995	28.0	5.816064	5.821064	1	2
