Dataset	Window / step	Supported windows	Median SNPs per window	Single-SNP windows (%)
OsABCI8	2 Mb / 100 kb	229	1516.0	2.6200873362445414
OsABCI8	1 Mb / 50 kb	438	724.0	3.4246575342465757
OsABCI8	500 kb / 10 kb	2118	355.5	5.004721435316336
OsABCI8	100 kb / 5 kb	3759	81.0	6.198457036445864
OsABCI8	10 kb / 5 kb	2586	14.0	12.45166279969064
qHT1	2 Mb / 100 kb	60	3909.5	0.0
qHT1	1 Mb / 50 kb	120	2022.0	0.0
qHT1	500 kb / 10 kb	600	1029.5	0.0
qHT1	100 kb / 5 kb	1200	221.0	0.0
qHT1	10 kb / 5 kb	1096	24.0	4.835766423357665
OsLESV	2 Mb / 100 kb	291	5.0	5.498281786941581
OsLESV	1 Mb / 50 kb	537	3.0	23.277467411545626
OsLESV	500 kb / 10 kb	2081	2.0	40.94185487746276
OsLESV	100 kb / 5 kb	1560	1.0	77.62820512820512
OsLESV	10 kb / 5 kb	200	1.0	97.5
