scenario	method	threshold	single_marker_p95	single_marker_p99
baseline	ALL_2000kb	0.2979999999999996	0.3	0.4
baseline	p95_2000kb	0.402272727272728	0.3	0.4
baseline	p99_2000kb	0.4822033898305087	0.3	0.4
baseline	p99_n1_2000kb	0.55	0.3	0.4
baseline	ALL_500kb	0.32900000000000035	0.3	0.4
baseline	p95_500kb	0.4218749999999998	0.3	0.4
baseline	p99_500kb	0.4772727272727273	0.3	0.4
baseline	p99_n1_500kb	0.575	0.3	0.4
baseline	ALL_100kb	0.39249999999999974	0.3	0.4
baseline	p95_100kb	-inf	0.3	0.4
baseline	p99_100kb	-inf	0.3	0.4
baseline	p99_n1_100kb	0.6000000000000014	0.3	0.4
baseline	G_tricube_h1Mb	8.867574199487626	0.3	0.4
baseline	p99_fraction_2000kb	0.145	0.3	0.4
weak_QTL	ALL_2000kb	0.2980000000000002	0.3	0.4
weak_QTL	p95_2000kb	0.4025000000000004	0.3	0.4
weak_QTL	p99_2000kb	0.48249999999999993	0.3	0.4
weak_QTL	p99_n1_2000kb	0.55	0.3	0.4
weak_QTL	ALL_500kb	0.3294999999999993	0.3	0.4
weak_QTL	p95_500kb	0.4241071428571449	0.3	0.4
weak_QTL	p99_500kb	0.4775000000000002	0.3	0.4
weak_QTL	p99_n1_500kb	0.5750000000000002	0.3	0.4
weak_QTL	ALL_100kb	0.3900000000000034	0.3	0.4
weak_QTL	p95_100kb	-inf	0.3	0.4
weak_QTL	p99_100kb	-inf	0.3	0.4
weak_QTL	p99_n1_100kb	0.6249999999999996	0.3	0.4
weak_QTL	G_tricube_h1Mb	8.717387321218766	0.3	0.4
weak_QTL	p99_fraction_2000kb	0.145	0.3	0.4
strong_QTL	ALL_2000kb	0.3021249999999991	0.3	0.4
strong_QTL	p95_2000kb	0.4042735042735044	0.3	0.4
strong_QTL	p99_2000kb	0.48249999999999993	0.3	0.4
strong_QTL	p99_n1_2000kb	0.55	0.3	0.4
strong_QTL	ALL_500kb	0.335	0.3	0.4
strong_QTL	p95_500kb	0.42500000000000027	0.3	0.4
strong_QTL	p99_500kb	0.48000000000000026	0.3	0.4
strong_QTL	p99_n1_500kb	0.575	0.3	0.4
strong_QTL	ALL_100kb	0.39499999999999996	0.3	0.4
strong_QTL	p95_100kb	-inf	0.3	0.4
strong_QTL	p99_100kb	-inf	0.3	0.4
strong_QTL	p99_n1_100kb	0.6000000000000014	0.3	0.4
strong_QTL	G_tricube_h1Mb	9.110009325367674	0.3	0.4
strong_QTL	p99_fraction_2000kb	0.16	0.3	0.4
small_bulk	ALL_2000kb	0.41850000000000137	0.375	0.475
small_bulk	p95_2000kb	0.48629807692307736	0.375	0.475
small_bulk	p99_2000kb	0.5605263157894733	0.375	0.475
small_bulk	p99_n1_2000kb	0.6125	0.375	0.475
small_bulk	ALL_500kb	0.4569999999999993	0.375	0.475
small_bulk	p95_500kb	0.5074999999999974	0.375	0.475
small_bulk	p99_500kb	0.5703124999999996	0.375	0.475
small_bulk	p99_n1_500kb	0.6499999999999986	0.375	0.475
small_bulk	ALL_100kb	0.5100000000000022	0.375	0.475
small_bulk	p95_100kb	0.4950000000000003	0.375	0.475
small_bulk	p99_100kb	-inf	0.375	0.475
small_bulk	p99_n1_100kb	0.6750000000000007	0.375	0.475
small_bulk	G_tricube_h1Mb	16.71219184535407	0.375	0.475
small_bulk	p99_fraction_2000kb	0.255	0.375	0.475
large_bulk	ALL_2000kb	0.19362499999999977	0.25	0.325
large_bulk	p95_2000kb	0.3486842105263162	0.25	0.325
large_bulk	p99_2000kb	0.4052631578947369	0.25	0.325
large_bulk	p99_n1_2000kb	0.5	0.25	0.325
large_bulk	ALL_500kb	0.22100000000000136	0.25	0.325
large_bulk	p95_500kb	0.36093750000000036	0.25	0.325
large_bulk	p99_500kb	-inf	0.25	0.325
large_bulk	p99_n1_500kb	0.525	0.25	0.325
large_bulk	ALL_100kb	0.2949999999999989	0.25	0.325
large_bulk	p95_100kb	-inf	0.25	0.325
large_bulk	p99_100kb	-inf	0.25	0.325
large_bulk	p99_n1_100kb	0.5499999999999998	0.25	0.325
large_bulk	G_tricube_h1Mb	4.294085888303353	0.25	0.325
large_bulk	p99_fraction_2000kb	0.105	0.25	0.325
low_depth	ALL_2000kb	0.29900000000000015	0.4	0.5333333333333333
low_depth	p95_2000kb	0.5616438356164356	0.4	0.5333333333333333
low_depth	p99_2000kb	0.6476190476190488	0.4	0.5333333333333333
low_depth	p99_n1_2000kb	0.8	0.4	0.5333333333333333
low_depth	ALL_500kb	0.3439999999999996	0.4	0.5333333333333333
low_depth	p95_500kb	0.5722222222222225	0.4	0.5333333333333333
low_depth	p99_500kb	-inf	0.4	0.5333333333333333
low_depth	p99_n1_500kb	0.8000000000000007	0.4	0.5333333333333333
low_depth	ALL_100kb	0.4400000000000034	0.4	0.5333333333333333
low_depth	p95_100kb	-inf	0.4	0.5333333333333333
low_depth	p99_100kb	-inf	0.4	0.5333333333333333
low_depth	p99_n1_100kb	0.8000000000000007	0.4	0.5333333333333333
low_depth	G_tricube_h1Mb	4.086280383647022	0.4	0.5333333333333333
low_depth	p99_fraction_2000kb	0.065	0.4	0.5333333333333333
high_depth	ALL_2000kb	0.2901249999999998	0.2625	0.35
high_depth	p95_2000kb	0.34310747663551355	0.2625	0.35
high_depth	p99_2000kb	0.4098214285714286	0.2625	0.35
high_depth	p99_n1_2000kb	0.45	0.2625	0.35
high_depth	ALL_500kb	0.3182500000000005	0.2625	0.35
high_depth	p95_500kb	0.3607954545454536	0.2625	0.35
high_depth	p99_500kb	0.4151785714285715	0.2625	0.35
high_depth	p99_n1_500kb	0.4687500000000002	0.2625	0.35
high_depth	ALL_100kb	0.3637500000000017	0.2625	0.35
high_depth	p95_100kb	0.34500000000000064	0.2625	0.35
high_depth	p99_100kb	-inf	0.2625	0.35
high_depth	p99_n1_100kb	0.5	0.2625	0.35
high_depth	G_tricube_h1Mb	15.74068539617499	0.2625	0.35
high_depth	p99_fraction_2000kb	0.2	0.2625	0.35
low_recombination	ALL_2000kb	0.26299999999999957	0.3	0.4
low_recombination	p95_2000kb	0.3982954545454547	0.3	0.4
low_recombination	p99_2000kb	0.4761904761904769	0.3	0.4
low_recombination	p99_n1_2000kb	0.5499999999999972	0.3	0.4
low_recombination	ALL_500kb	0.28849999999999937	0.3	0.4
low_recombination	p95_500kb	0.4159090909090912	0.3	0.4
low_recombination	p99_500kb	-inf	0.3	0.4
low_recombination	p99_n1_500kb	0.5749999999999997	0.3	0.4
low_recombination	ALL_100kb	0.3500000000000057	0.3	0.4
low_recombination	p95_100kb	-inf	0.3	0.4
low_recombination	p99_100kb	-inf	0.3	0.4
low_recombination	p99_n1_100kb	0.6000000000000014	0.3	0.4
low_recombination	G_tricube_h1Mb	6.878709598724843	0.3	0.4
low_recombination	p99_fraction_2000kb	0.095	0.3	0.4
high_recombination	ALL_2000kb	0.3048750000000002	0.3	0.4
high_recombination	p95_2000kb	0.4060344827586206	0.3	0.4
high_recombination	p99_2000kb	0.485	0.3	0.4
high_recombination	p99_n1_2000kb	0.55	0.3	0.4
high_recombination	ALL_500kb	0.3429999999999995	0.3	0.4
high_recombination	p95_500kb	0.42700000000000016	0.3	0.4
high_recombination	p99_500kb	0.48750000000000043	0.3	0.4
high_recombination	p99_n1_500kb	0.5750000000000002	0.3	0.4
high_recombination	ALL_100kb	0.4075000000000017	0.3	0.4
high_recombination	p95_100kb	-inf	0.3	0.4
high_recombination	p99_100kb	-inf	0.3	0.4
high_recombination	p99_n1_100kb	0.6249999999999998	0.3	0.4
high_recombination	G_tricube_h1Mb	9.418952071660346	0.3	0.4
high_recombination	p99_fraction_2000kb	0.165	0.3	0.4
heterogeneous_map	ALL_2000kb	0.28774999999999923	0.3	0.4
heterogeneous_map	p95_2000kb	0.40227272727272667	0.3	0.4
heterogeneous_map	p99_2000kb	0.48181818181818187	0.3	0.4
heterogeneous_map	p99_n1_2000kb	0.55	0.3	0.4
heterogeneous_map	ALL_500kb	0.3215000000000009	0.3	0.4
heterogeneous_map	p95_500kb	0.4225000000000009	0.3	0.4
heterogeneous_map	p99_500kb	0.4699999999999999	0.3	0.4
heterogeneous_map	p99_n1_500kb	0.575	0.3	0.4
heterogeneous_map	ALL_100kb	0.38249999999999884	0.3	0.4
heterogeneous_map	p95_100kb	-inf	0.3	0.4
heterogeneous_map	p99_100kb	-inf	0.3	0.4
heterogeneous_map	p99_n1_100kb	0.6000000000000014	0.3	0.4
heterogeneous_map	G_tricube_h1Mb	8.285423601414967	0.3	0.4
heterogeneous_map	p99_fraction_2000kb	0.13	0.3	0.4
sparse_markers	ALL_2000kb	0.31625000000000014	0.3	0.4
sparse_markers	p95_2000kb	0.39499999999999996	0.3	0.4
sparse_markers	p99_2000kb	-inf	0.3	0.4
sparse_markers	p99_n1_2000kb	0.5250000000000004	0.3	0.4
sparse_markers	ALL_500kb	-inf	0.3	0.4
sparse_markers	p95_500kb	-inf	0.3	0.4
sparse_markers	p99_500kb	-inf	0.3	0.4
sparse_markers	p99_n1_500kb	0.55	0.3	0.4
sparse_markers	ALL_100kb	-inf	0.3	0.4
sparse_markers	p95_100kb	-inf	0.3	0.4
sparse_markers	p99_100kb	-inf	0.3	0.4
sparse_markers	p99_n1_100kb	0.55	0.3	0.4
sparse_markers	G_tricube_h1Mb	9.798609350468672	0.3	0.4
sparse_markers	p99_fraction_2000kb	0.2	0.3	0.4
dense_markers	ALL_2000kb	0.2973437500000017	0.3	0.4
dense_markers	p95_2000kb	0.3950980392156863	0.3	0.4
dense_markers	p99_2000kb	0.4783244680851063	0.3	0.4
dense_markers	p99_n1_2000kb	0.5499999999999998	0.3	0.4
dense_markers	ALL_500kb	0.32274999999999976	0.3	0.4
dense_markers	p95_500kb	0.40898058252427516	0.3	0.4
dense_markers	p99_500kb	0.487500000000001	0.3	0.4
dense_markers	p99_n1_500kb	0.575	0.3	0.4
dense_markers	ALL_100kb	0.35187500000000116	0.3	0.4
dense_markers	p95_100kb	0.4375	0.3	0.4
dense_markers	p99_100kb	0.4895833333333333	0.3	0.4
dense_markers	p99_n1_100kb	0.6000000000000014	0.3	0.4
dense_markers	G_tricube_h1Mb	8.876805154845126	0.3	0.4
dense_markers	p99_fraction_2000kb	0.14875	0.3	0.4
differential_error	ALL_2000kb	0.30512499999999787	0.3	0.4
differential_error	p95_2000kb	0.4033783783783791	0.3	0.4
differential_error	p99_2000kb	0.483695652173913	0.3	0.4
differential_error	p99_n1_2000kb	0.55	0.3	0.4
differential_error	ALL_500kb	0.3395000000000002	0.3	0.4
differential_error	p95_500kb	0.4250000000000001	0.3	0.4
differential_error	p99_500kb	0.4825000000000001	0.3	0.4
differential_error	p99_n1_500kb	0.5750000000000002	0.3	0.4
differential_error	ALL_100kb	0.4	0.3	0.4
differential_error	p95_100kb	-inf	0.3	0.4
differential_error	p99_100kb	-inf	0.3	0.4
differential_error	p99_n1_100kb	0.625	0.3	0.4
differential_error	G_tricube_h1Mb	9.30060752800473	0.3	0.4
differential_error	p99_fraction_2000kb	0.165	0.3	0.4
